millis,stamp,datetime,motion
999,1534092703, 2018/8/12 16:51:43, Inactive
1999,1534092704, 2018/8/12 16:51:44, Inactive
2999,1534092705, 2018/8/12 16:51:45, Inactive
3998,1534092706, 2018/8/12 16:51:46, Inactive
4999,1534092707, 2018/8/12 16:51:47, Inactive
5999,1534092708, 2018/8/12 16:51:48, Inactive
6999,1534092709, 2018/8/12 16:51:49, Inactive
7999,1534092710, 2018/8/12 16:51:50, Inactive
8999,1534092711, 2018/8/12 16:51:51, Inactive
9999,1534092712, 2018/8/12 16:51:52, Inactive
10999,1534092713, 2018/8/12 16:51:53, Active
11999,1534092714, 2018/8/12 16:51:54, Active
12998,1534092715, 2018/8/12 16:51:55, Active
14000,1534092716, 2018/8/12 16:51:56, Active
14999,1534092717, 2018/8/12 16:51:57, Active
16000,1534092718, 2018/8/12 16:51:58, Active
16999,1534092719, 2018/8/12 16:51:59, Active
17999,1534092720, 2018/8/12 16:52:0, Active
18999,1534092721, 2018/8/12 16:52:1, Active
19999,1534092722, 2018/8/12 16:52:2, Active
20999,1534092723, 2018/8/12 16:52:3, Active
21999,1534092724, 2018/8/12 16:52:4, Active
22999,1534092725, 2018/8/12 16:52:5, Active
23999,1534092726, 2018/8/12 16:52:6, Active
24999,1534092727, 2018/8/12 16:52:7, Active
25999,1534092728, 2018/8/12 16:52:8, Active
26999,1534092729, 2018/8/12 16:52:9, Active
27999,1534092730, 2018/8/12 16:52:10, Active
28999,1534092731, 2018/8/12 16:52:11, Active
29999,1534092732, 2018/8/12 16:52:12, Active
30999,1534092733, 2018/8/12 16:52:13, Inactive
32000,1534092734, 2018/8/12 16:52:14, Inactive
32999,1534092735, 2018/8/12 16:52:15, Inactive
33999,1534092736, 2018/8/12 16:52:16, Inactive
34999,1534092737, 2018/8/12 16:52:17, Inactive
35999,1534092738, 2018/8/12 16:52:18, Inactive
36999,1534092739, 2018/8/12 16:52:19, Inactive
37999,1534092740, 2018/8/12 16:52:20, Inactive
39000,1534092741, 2018/8/12 16:52:21, Inactive
39999,1534092742, 2018/8/12 16:52:22, Inactive
40999,1534092743, 2018/8/12 16:52:23, Inactive
41999,1534092744, 2018/8/12 16:52:24, Inactive
42999,1534092745, 2018/8/12 16:52:25, Inactive
43999,1534092746, 2018/8/12 16:52:26, Inactive
44999,1534092747, 2018/8/12 16:52:27, Active
45999,1534092748, 2018/8/12 16:52:28, Active
46999,1534092749, 2018/8/12 16:52:29, Active
48000,1534092750, 2018/8/12 16:52:30, Active
48999,1534092751, 2018/8/12 16:52:31, Active
49999,1534092752, 2018/8/12 16:52:32, Active
50999,1534092753, 2018/8/12 16:52:33, Active
51999,1534092754, 2018/8/12 16:52:34, Active
52999,1534092755, 2018/8/12 16:52:35, Active
53999,1534092756, 2018/8/12 16:52:36, Active
55000,1534092757, 2018/8/12 16:52:37, Active
55999,1534092758, 2018/8/12 16:52:38, Active
56998,1534092759, 2018/8/12 16:52:39, Active
57999,1534092760, 2018/8/12 16:52:40, Active
58999,1534092761, 2018/8/12 16:52:41, Active
59999,1534092762, 2018/8/12 16:52:42, Active
60999,1534092763, 2018/8/12 16:52:43, Active
61999,1534092764, 2018/8/12 16:52:44, Active
62999,1534092765, 2018/8/12 16:52:45, Active
64000,1534092766, 2018/8/12 16:52:46, Active
64999,1534092767, 2018/8/12 16:52:47, Active
65999,1534092768, 2018/8/12 16:52:48, Active
66998,1534092769, 2018/8/12 16:52:49, Active
67999,1534092770, 2018/8/12 16:52:50, Active
68999,1534092771, 2018/8/12 16:52:51, Active
69999,1534092772, 2018/8/12 16:52:52, Active
71000,1534092773, 2018/8/12 16:52:53, Active
71999,1534092774, 2018/8/12 16:52:54, Active
72999,1534092775, 2018/8/12 16:52:55, Active
73999,1534092776, 2018/8/12 16:52:56, Active
74999,1534092777, 2018/8/12 16:52:57, Active
75999,1534092778, 2018/8/12 16:52:58, Active
76999,1534092779, 2018/8/12 16:52:59, Active
78000,1534092780, 2018/8/12 16:53:0, Active
78999,1534092781, 2018/8/12 16:53:1, Active
80000,1534092782, 2018/8/12 16:53:2, Active
80999,1534092783, 2018/8/12 16:53:3, Active
81999,1534092784, 2018/8/12 16:53:4, Active
82998,1534092785, 2018/8/12 16:53:5, Active
83999,1534092786, 2018/8/12 16:53:6, Active
84999,1534092787, 2018/8/12 16:53:7, Active
85999,1534092788, 2018/8/12 16:53:8, Active
86999,1534092789, 2018/8/12 16:53:9, Active
87999,1534092790, 2018/8/12 16:53:10, Active
88999,1534092791, 2018/8/12 16:53:11, Active
89999,1534092792, 2018/8/12 16:53:12, Active
90999,1534092793, 2018/8/12 16:53:13, Active
91999,1534092794, 2018/8/12 16:53:14, Active
92999,1534092795, 2018/8/12 16:53:15, Active
93999,1534092796, 2018/8/12 16:53:16, Active
94999,1534092797, 2018/8/12 16:53:17, Active
96000,1534092798, 2018/8/12 16:53:18, Inactive
96999,1534092799, 2018/8/12 16:53:19, Inactive
97999,1534092800, 2018/8/12 16:53:20, Inactive
98999,1534092801, 2018/8/12 16:53:21, Inactive
99999,1534092802, 2018/8/12 16:53:22, Inactive
100999,1534092803, 2018/8/12 16:53:23, Inactive
101999,1534092804, 2018/8/12 16:53:24, Inactive
103000,1534092805, 2018/8/12 16:53:25, Inactive
103999,1534092806, 2018/8/12 16:53:26, Inactive
104999,1534092807, 2018/8/12 16:53:27, Inactive
105999,1534092808, 2018/8/12 16:53:28, Inactive
106998,1534092809, 2018/8/12 16:53:29, Inactive
107998,1534092810, 2018/8/12 16:53:30, Inactive
108999,1534092811, 2018/8/12 16:53:31, Inactive
110000,1534092812, 2018/8/12 16:53:32, Inactive
110999,1534092813, 2018/8/12 16:53:33, Inactive
112000,1534092814, 2018/8/12 16:53:34, Inactive
112999,1534092815, 2018/8/12 16:53:35, Inactive
113998,1534092816, 2018/8/12 16:53:36, Inactive
114999,1534092817, 2018/8/12 16:53:37, Inactive
115999,1534092818, 2018/8/12 16:53:38, Inactive
116999,1534092819, 2018/8/12 16:53:39, Inactive
117999,1534092820, 2018/8/12 16:53:40, Inactive
118999,1534092821, 2018/8/12 16:53:41, Inactive
119999,1534092822, 2018/8/12 16:53:42, Inactive
120999,1534092823, 2018/8/12 16:53:43, Inactive
121999,1534092824, 2018/8/12 16:53:44, Inactive
122999,1534092825, 2018/8/12 16:53:45, Inactive
123999,1534092826, 2018/8/12 16:53:46, Inactive
124999,1534092827, 2018/8/12 16:53:47, Inactive
126000,1534092828, 2018/8/12 16:53:48, Inactive
126999,1534092829, 2018/8/12 16:53:49, Inactive
128000,1534092830, 2018/8/12 16:53:50, Inactive
128999,1534092831, 2018/8/12 16:53:51, Inactive
129999,1534092832, 2018/8/12 16:53:52, Active
130999,1534092833, 2018/8/12 16:53:53, Active
131999,1534092834, 2018/8/12 16:53:54, Active
132999,1534092835, 2018/8/12 16:53:55, Active
133999,1534092836, 2018/8/12 16:53:56, Active
135000,1534092837, 2018/8/12 16:53:57, Active
135999,1534092838, 2018/8/12 16:53:58, Active
136999,1534092839, 2018/8/12 16:53:59, Active
137999,1534092840, 2018/8/12 16:54:0, Active
138999,1534092841, 2018/8/12 16:54:1, Active
139999,1534092842, 2018/8/12 16:54:2, Active
140999,1534092843, 2018/8/12 16:54:3, Active
141999,1534092844, 2018/8/12 16:54:4, Active
142999,1534092845, 2018/8/12 16:54:5, Active
144000,1534092846, 2018/8/12 16:54:6, Active
144999,1534092847, 2018/8/12 16:54:7, Inactive
145999,1534092848, 2018/8/12 16:54:8, Inactive
146999,1534092849, 2018/8/12 16:54:9, Inactive
147999,1534092850, 2018/8/12 16:54:10, Inactive
148999,1534092851, 2018/8/12 16:54:11, Inactive
149999,1534092852, 2018/8/12 16:54:12, Inactive
150999,1534092853, 2018/8/12 16:54:13, Inactive
151999,1534092854, 2018/8/12 16:54:14, Inactive
152999,1534092855, 2018/8/12 16:54:15, Inactive
153999,1534092856, 2018/8/12 16:54:16, Inactive
154999,1534092857, 2018/8/12 16:54:17, Inactive
155999,1534092858, 2018/8/12 16:54:18, Inactive
156998,1534092859, 2018/8/12 16:54:19, Inactive
158000,1534092860, 2018/8/12 16:54:20, Inactive
158999,1534092861, 2018/8/12 16:54:21, Inactive
159998,1534092862, 2018/8/12 16:54:22, Inactive
160999,1534092863, 2018/8/12 16:54:23, Inactive
161999,1534092864, 2018/8/12 16:54:24, Inactive
162999,1534092865, 2018/8/12 16:54:25, Inactive
163998,1534092866, 2018/8/12 16:54:26, Inactive
164998,1534092867, 2018/8/12 16:54:27, Inactive
165999,1534092868, 2018/8/12 16:54:28, Inactive
167000,1534092869, 2018/8/12 16:54:29, Inactive
167999,1534092870, 2018/8/12 16:54:30, Inactive
168999,1534092871, 2018/8/12 16:54:31, Inactive
169999,1534092872, 2018/8/12 16:54:32, Inactive
170999,1534092873, 2018/8/12 16:54:33, Inactive
171999,1534092874, 2018/8/12 16:54:34, Inactive
172999,1534092875, 2018/8/12 16:54:35, Inactive
173999,1534092876, 2018/8/12 16:54:36, Inactive
174999,1534092877, 2018/8/12 16:54:37, Inactive
176000,1534092878, 2018/8/12 16:54:38, Inactive
177000,1534092879, 2018/8/12 16:54:39, Active
177999,1534092880, 2018/8/12 16:54:40, Inactive
178999,1534092881, 2018/8/12 16:54:41, Inactive
179999,1534092882, 2018/8/12 16:54:42, Inactive
180999,1534092883, 2018/8/12 16:54:43, Inactive
181999,1534092884, 2018/8/12 16:54:44, Inactive
183000,1534092885, 2018/8/12 16:54:45, Inactive
183999,1534092886, 2018/8/12 16:54:46, Active
184999,1534092887, 2018/8/12 16:54:47, Active
185999,1534092888, 2018/8/12 16:54:48, Active
186999,1534092889, 2018/8/12 16:54:49, Active
187999,1534092890, 2018/8/12 16:54:50, Inactive
188999,1534092891, 2018/8/12 16:54:51, Inactive
189999,1534092892, 2018/8/12 16:54:52, Inactive
190999,1534092893, 2018/8/12 16:54:53, Inactive
191998,1534092894, 2018/8/12 16:54:54, Inactive
192999,1534092895, 2018/8/12 16:54:55, Active
193999,1534092896, 2018/8/12 16:54:56, Active
194999,1534092897, 2018/8/12 16:54:57, Active
195999,1534092898, 2018/8/12 16:54:58, Inactive
197000,1534092899, 2018/8/12 16:54:59, Inactive
197999,1534092900, 2018/8/12 16:55:0, Inactive
198999,1534092901, 2018/8/12 16:55:1, Inactive
199999,1534092902, 2018/8/12 16:55:2, Active
200999,1534092903, 2018/8/12 16:55:3, Inactive
201999,1534092904, 2018/8/12 16:55:4, Active
202999,1534092905, 2018/8/12 16:55:5, Inactive
203999,1534092906, 2018/8/12 16:55:6, Inactive
204999,1534092907, 2018/8/12 16:55:7, Inactive
205999,1534092908, 2018/8/12 16:55:8, Inactive
206999,1534092909, 2018/8/12 16:55:9, Inactive
208000,1534092910, 2018/8/12 16:55:10, Inactive
208999,1534092911, 2018/8/12 16:55:11, Active
209999,1534092912, 2018/8/12 16:55:12, Active
210999,1534092913, 2018/8/12 16:55:13, Active
211999,1534092914, 2018/8/12 16:55:14, Active
212999,1534092915, 2018/8/12 16:55:15, Inactive
213999,1534092916, 2018/8/12 16:55:16, Active
215000,1534092917, 2018/8/12 16:55:17, Active
215999,1534092918, 2018/8/12 16:55:18, Active
216999,1534092919, 2018/8/12 16:55:19, Active
217999,1534092920, 2018/8/12 16:55:20, Active
218998,1534092921, 2018/8/12 16:55:21, Active
219999,1534092922, 2018/8/12 16:55:22, Active
220999,1534092923, 2018/8/12 16:55:23, Active
221999,1534092924, 2018/8/12 16:55:24, Active
223000,1534092925, 2018/8/12 16:55:25, Active
224000,1534092926, 2018/8/12 16:55:26, Active
224999,1534092927, 2018/8/12 16:55:27, Active
225999,1534092928, 2018/8/12 16:55:28, Active
226999,1534092929, 2018/8/12 16:55:29, Active
227998,1534092930, 2018/8/12 16:55:30, Active
228999,1534092931, 2018/8/12 16:55:31, Active
229999,1534092932, 2018/8/12 16:55:32, Inactive
230999,1534092933, 2018/8/12 16:55:33, Inactive
231999,1534092934, 2018/8/12 16:55:34, Inactive
232999,1534092935, 2018/8/12 16:55:35, Inactive
233999,1534092936, 2018/8/12 16:55:36, Inactive
234999,1534092937, 2018/8/12 16:55:37, Inactive
235999,1534092938, 2018/8/12 16:55:38, Inactive
236999,1534092939, 2018/8/12 16:55:39, Inactive
237999,1534092940, 2018/8/12 16:55:40, Inactive
238999,1534092941, 2018/8/12 16:55:41, Inactive
239998,1534092942, 2018/8/12 16:55:42, Inactive
240999,1534092943, 2018/8/12 16:55:43, Inactive
241999,1534092944, 2018/8/12 16:55:44, Inactive
242999,1534092945, 2018/8/12 16:55:45, Inactive
243999,1534092946, 2018/8/12 16:55:46, Inactive
245000,1534092947, 2018/8/12 16:55:47, Inactive
245999,1534092948, 2018/8/12 16:55:48, Inactive
246999,1534092949, 2018/8/12 16:55:49, Inactive
247999,1534092950, 2018/8/12 16:55:50, Inactive
248999,1534092951, 2018/8/12 16:55:51, Inactive
249999,1534092952, 2018/8/12 16:55:52, Inactive
250999,1534092953, 2018/8/12 16:55:53, Inactive
251999,1534092954, 2018/8/12 16:55:54, Inactive
252999,1534092955, 2018/8/12 16:55:55, Active
